id,country,name,enname,locname,offname,boundary,adminlevel,wikidata,wikimedia,timestamp,note,path,rpath,ISO3166_2,fid,LONGITUDE,LATITUDE,TAXONOMY,BUILDINGS,TOTAL_REPL_COST_USD,OCCUPANTS_PER_ASSET,ID_0,ISO,NAME_0,ID_1,NAME_1,ID_2,NAME_2,OCCUPANCY,COST_PER_AREA_USD
3072807,KAZ,Алмалинский район,,Алмалинский район,,administrative,6,Q16533574,ru:Алмалинский район,2019-07-12 22:02:02,,"0,214665,2465058,3072807","3072807,2465058,214665,0",,2823,76.92890,43.26710,CR+CIP/LDUAL+DNO/FC/HBET:7-25,12,93902300,1824,117,KAZ,Kazakhstan,1,Almaty,3,Almaty (Alma-Ata),Res,595
3072807,KAZ,Алмалинский район,,Алмалинский район,,administrative,6,Q16533574,ru:Алмалинский район,2019-07-12 22:02:02,,"0,214665,2465058,3072807","3072807,2465058,214665,0",,4887,76.94160,43.26530,CR+CIP/LDUAL+DNO/FC/HBET:7-25,1,7825190,152,117,KAZ,Kazakhstan,1,Almaty,3,Almaty (Alma-Ata),Res,595
3072807,KAZ,Алмалинский район,,Алмалинский район,,administrative,6,Q16533574,ru:Алмалинский район,2019-07-12 22:02:02,,"0,214665,2465058,3072807","3072807,2465058,214665,0",,4087,76.89110,43.25780,CR+CIP/LDUAL+DNO/FC/HBET:7-25,3,23475600,456,117,KAZ,Kazakhstan,1,Almaty,3,Almaty (Alma-Ata),Res,595
3072807,KAZ,Алмалинский район,,Алмалинский район,,administrative,6,Q16533574,ru:Алмалинский район,2019-07-12 22:02:02,,"0,214665,2465058,3072807","3072807,2465058,214665,0",,3335,76.89630,43.25380,CR+CIP/LDUAL+DNO/FC/HBET:7-25,1,7825190,152,117,KAZ,Kazakhstan,1,Almaty,3,Almaty (Alma-Ata),Res,595
3072807,KAZ,Алмалинский район,,Алмалинский район,,administrative,6,Q16533574,ru:Алмалинский район,2019-07-12 22:02:02,,"0,214665,2465058,3072807","3072807,2465058,214665,0",,3431,76.90740,43.25360,CR+CIP/LDUAL+DNO/FC/HBET:7-25,1,7825190,152,117,KAZ,Kazakhstan,1,Almaty,3,Almaty (Alma-Ata),Res,595
3072807,KAZ,Алмалинский район,,Алмалинский район,,administrative,6,Q16533574,ru:Алмалинский район,2019-07-12 22:02:02,,"0,214665,2465058,3072807","3072807,2465058,214665,0",,4935,76.93210,43.24820,CR+CIP/LDUAL+DNO/FC/HBET:7-25,3,23475600,456,117,KAZ,Kazakhstan,1,Almaty,3,Almaty (Alma-Ata),Res,595
3072807,KAZ,Алмалинский район,,Алмалинский район,,administrative,6,Q16533574,ru:Алмалинский район,2019-07-12 22:02:02,,"0,214665,2465058,3072807","3072807,2465058,214665,0",,3559,76.90600,43.24160,CR+CIP/LDUAL+DNO/FC/HBET:7-25,4,31300800,608,117,KAZ,Kazakhstan,1,Almaty,3,Almaty (Alma-Ata),Res,595
3072807,KAZ,Алмалинский район,,Алмалинский район,,administrative,6,Q16533574,ru:Алмалинский район,2019-07-12 22:02:02,,"0,214665,2465058,3072807","3072807,2465058,214665,0",,2824,76.92890,43.26710,CR+CIP/LFINF+DNO/FC/HBET:3-7,7,14579600,1064,117,KAZ,Kazakhstan,1,Almaty,3,Almaty (Alma-Ata),Res,595
3072807,KAZ,Алмалинский район,,Алмалинский район,,administrative,6,Q16533574,ru:Алмалинский район,2019-07-12 22:02:02,,"0,214665,2465058,3072807","3072807,2465058,214665,0",,4888,76.94160,43.26530,CR+CIP/LFINF+DNO/FC/HBET:3-7,11,22910800,1672,117,KAZ,Kazakhstan,1,Almaty,3,Almaty (Alma-Ata),Res,595
3072807,KAZ,Алмалинский район,,Алмалинский район,,administrative,6,Q16533574,ru:Алмалинский район,2019-07-12 22:02:02,,"0,214665,2465058,3072807","3072807,2465058,214665,0",,4088,76.89110,43.25780,CR+CIP/LFINF+DNO/FC/HBET:3-7,6,12496800,912,117,KAZ,Kazakhstan,1,Almaty,3,Almaty (Alma-Ata),Res,595
3072807,KAZ,Алмалинский район,,Алмалинский район,,administrative,6,Q16533574,ru:Алмалинский район,2019-07-12 22:02:02,,"0,214665,2465058,3072807","3072807,2465058,214665,0",,4328,76.87770,43.25700,CR+CIP/LFINF+DNO/FC/HBET:3-7,8,16662400,1216,117,KAZ,Kazakhstan,1,Almaty,3,Almaty (Alma-Ata),Res,595
3072807,KAZ,Алмалинский район,,Алмалинский район,,administrative,6,Q16533574,ru:Алмалинский район,2019-07-12 22:02:02,,"0,214665,2465058,3072807","3072807,2465058,214665,0",,3336,76.89630,43.25380,CR+CIP/LFINF+DNO/FC/HBET:3-7,5,10414000,760,117,KAZ,Kazakhstan,1,Almaty,3,Almaty (Alma-Ata),Res,595
3072807,KAZ,Алмалинский район,,Алмалинский район,,administrative,6,Q16533574,ru:Алмалинский район,2019-07-12 22:02:02,,"0,214665,2465058,3072807","3072807,2465058,214665,0",,3880,76.91990,43.25370,CR+CIP/LFINF+DNO/FC/HBET:3-7,12,24993600,1824,117,KAZ,Kazakhstan,1,Almaty,3,Almaty (Alma-Ata),Res,595
3072807,KAZ,Алмалинский район,,Алмалинский район,,administrative,6,Q16533574,ru:Алмалинский район,2019-07-12 22:02:02,,"0,214665,2465058,3072807","3072807,2465058,214665,0",,3432,76.90740,43.25360,CR+CIP/LFINF+DNO/FC/HBET:3-7,8,16662400,1216,117,KAZ,Kazakhstan,1,Almaty,3,Almaty (Alma-Ata),Res,595
3072807,KAZ,Алмалинский район,,Алмалинский район,,administrative,6,Q16533574,ru:Алмалинский район,2019-07-12 22:02:02,,"0,214665,2465058,3072807","3072807,2465058,214665,0",,3144,76.94330,43.25350,CR+CIP/LFINF+DNO/FC/HBET:3-7,5,10414000,760,117,KAZ,Kazakhstan,1,Almaty,3,Almaty (Alma-Ata),Res,595
3072807,KAZ,Алмалинский район,,Алмалинский район,,administrative,6,Q16533574,ru:Алмалинский район,2019-07-12 22:02:02,,"0,214665,2465058,3072807","3072807,2465058,214665,0",,4600,76.86840,43.24890,CR+CIP/LFINF+DNO/FC/HBET:3-7,2,4165600,304,117,KAZ,Kazakhstan,1,Almaty,3,Almaty (Alma-Ata),Res,595
3072807,KAZ,Алмалинский район,,Алмалинский район,,administrative,6,Q16533574,ru:Алмалинский район,2019-07-12 22:02:02,,"0,214665,2465058,3072807","3072807,2465058,214665,0",,4936,76.93210,43.24820,CR+CIP/LFINF+DNO/FC/HBET:3-7,7,14579600,1064,117,KAZ,Kazakhstan,1,Almaty,3,Almaty (Alma-Ata),Res,595
3072807,KAZ,Алмалинский район,,Алмалинский район,,administrative,6,Q16533574,ru:Алмалинский район,2019-07-12 22:02:02,,"0,214665,2465058,3072807","3072807,2465058,214665,0",,4008,76.88650,43.24550,CR+CIP/LFINF+DNO/FC/HBET:3-7,4,8331210,608,117,KAZ,Kazakhstan,1,Almaty,3,Almaty (Alma-Ata),Res,595
3072807,KAZ,Алмалинский район,,Алмалинский район,,administrative,6,Q16533574,ru:Алмалинский район,2019-07-12 22:02:02,,"0,214665,2465058,3072807","3072807,2465058,214665,0",,4904,76.87770,43.24530,CR+CIP/LFINF+DNO/FC/HBET:3-7,1,2082800,152,117,KAZ,Kazakhstan,1,Almaty,3,Almaty (Alma-Ata),Res,595
3072807,KAZ,Алмалинский район,,Алмалинский район,,administrative,6,Q16533574,ru:Алмалинский район,2019-07-12 22:02:02,,"0,214665,2465058,3072807","3072807,2465058,214665,0",,3448,76.94750,43.24420,CR+CIP/LFINF+DNO/FC/HBET:3-7,4,8331210,608,117,KAZ,Kazakhstan,1,Almaty,3,Almaty (Alma-Ata),Res,595
3072807,KAZ,Алмалинский район,,Алмалинский район,,administrative,6,Q16533574,ru:Алмалинский район,2019-07-12 22:02:02,,"0,214665,2465058,3072807","3072807,2465058,214665,0",,2984,76.89530,43.24370,CR+CIP/LFINF+DNO/FC/HBET:3-7,3,6248410,456,117,KAZ,Kazakhstan,1,Almaty,3,Almaty (Alma-Ata),Res,595
3072807,KAZ,Алмалинский район,,Алмалинский район,,administrative,6,Q16533574,ru:Алмалинский район,2019-07-12 22:02:02,,"0,214665,2465058,3072807","3072807,2465058,214665,0",,3560,76.90600,43.24160,CR+CIP/LFINF+DNO/FC/HBET:3-7,5,10414000,760,117,KAZ,Kazakhstan,1,Almaty,3,Almaty (Alma-Ata),Res,595
3072807,KAZ,Алмалинский район,,Алмалинский район,,administrative,6,Q16533574,ru:Алмалинский район,2019-07-12 22:02:02,,"0,214665,2465058,3072807","3072807,2465058,214665,0",,2822,76.92890,43.26710,CR+CIP/LFM+DUC/FC/HBET:1-7,2,3576710,304,117,KAZ,Kazakhstan,1,Almaty,3,Almaty (Alma-Ata),Res,595
3072807,KAZ,Алмалинский район,,Алмалинский район,,administrative,6,Q16533574,ru:Алмалинский район,2019-07-12 22:02:02,,"0,214665,2465058,3072807","3072807,2465058,214665,0",,4886,76.94160,43.26530,CR+CIP/LFM+DUC/FC/HBET:1-7,1,1788360,152,117,KAZ,Kazakhstan,1,Almaty,3,Almaty (Alma-Ata),Res,595
3072807,KAZ,Алмалинский район,,Алмалинский район,,administrative,6,Q16533574,ru:Алмалинский район,2019-07-12 22:02:02,,"0,214665,2465058,3072807","3072807,2465058,214665,0",,4086,76.89110,43.25780,CR+CIP/LFM+DUC/FC/HBET:1-7,2,3576710,304,117,KAZ,Kazakhstan,1,Almaty,3,Almaty (Alma-Ata),Res,595
3072807,KAZ,Алмалинский район,,Алмалинский район,,administrative,6,Q16533574,ru:Алмалинский район,2019-07-12 22:02:02,,"0,214665,2465058,3072807","3072807,2465058,214665,0",,4326,76.87770,43.25700,CR+CIP/LFM+DUC/FC/HBET:1-7,5,8941780,760,117,KAZ,Kazakhstan,1,Almaty,3,Almaty (Alma-Ata),Res,595
3072807,KAZ,Алмалинский район,,Алмалинский район,,administrative,6,Q16533574,ru:Алмалинский район,2019-07-12 22:02:02,,"0,214665,2465058,3072807","3072807,2465058,214665,0",,3334,76.89630,43.25380,CR+CIP/LFM+DUC/FC/HBET:1-7,1,1788360,152,117,KAZ,Kazakhstan,1,Almaty,3,Almaty (Alma-Ata),Res,595
3072807,KAZ,Алмалинский район,,Алмалинский район,,administrative,6,Q16533574,ru:Алмалинский район,2019-07-12 22:02:02,,"0,214665,2465058,3072807","3072807,2465058,214665,0",,3878,76.91990,43.25370,CR+CIP/LFM+DUC/FC/HBET:1-7,1,1788360,152,117,KAZ,Kazakhstan,1,Almaty,3,Almaty (Alma-Ata),Res,595
3072807,KAZ,Алмалинский район,,Алмалинский район,,administrative,6,Q16533574,ru:Алмалинский район,2019-07-12 22:02:02,,"0,214665,2465058,3072807","3072807,2465058,214665,0",,3142,76.94330,43.25350,CR+CIP/LFM+DUC/FC/HBET:1-7,1,1788360,152,117,KAZ,Kazakhstan,1,Almaty,3,Almaty (Alma-Ata),Res,595
3072807,KAZ,Алмалинский район,,Алмалинский район,,administrative,6,Q16533574,ru:Алмалинский район,2019-07-12 22:02:02,,"0,214665,2465058,3072807","3072807,2465058,214665,0",,4598,76.86840,43.24890,CR+CIP/LFM+DUC/FC/HBET:1-7,1,1788360,152,117,KAZ,Kazakhstan,1,Almaty,3,Almaty (Alma-Ata),Res,595
3072807,KAZ,Алмалинский район,,Алмалинский район,,administrative,6,Q16533574,ru:Алмалинский район,2019-07-12 22:02:02,,"0,214665,2465058,3072807","3072807,2465058,214665,0",,4934,76.93210,43.24820,CR+CIP/LFM+DUC/FC/HBET:1-7,4,7153420,608,117,KAZ,Kazakhstan,1,Almaty,3,Almaty (Alma-Ata),Res,595
3072807,KAZ,Алмалинский район,,Алмалинский район,,administrative,6,Q16533574,ru:Алмалинский район,2019-07-12 22:02:02,,"0,214665,2465058,3072807","3072807,2465058,214665,0",,4006,76.88650,43.24550,CR+CIP/LFM+DUC/FC/HBET:1-7,2,3576710,304,117,KAZ,Kazakhstan,1,Almaty,3,Almaty (Alma-Ata),Res,595
3072807,KAZ,Алмалинский район,,Алмалинский район,,administrative,6,Q16533574,ru:Алмалинский район,2019-07-12 22:02:02,,"0,214665,2465058,3072807","3072807,2465058,214665,0",,4902,76.87770,43.24530,CR+CIP/LFM+DUC/FC/HBET:1-7,1,1788360,152,117,KAZ,Kazakhstan,1,Almaty,3,Almaty (Alma-Ata),Res,595
3072807,KAZ,Алмалинский район,,Алмалинский район,,administrative,6,Q16533574,ru:Алмалинский район,2019-07-12 22:02:02,,"0,214665,2465058,3072807","3072807,2465058,214665,0",,2982,76.89530,43.24370,CR+CIP/LFM+DUC/FC/HBET:1-7,4,7153420,608,117,KAZ,Kazakhstan,1,Almaty,3,Almaty (Alma-Ata),Res,595
3072807,KAZ,Алмалинский район,,Алмалинский район,,administrative,6,Q16533574,ru:Алмалинский район,2019-07-12 22:02:02,,"0,214665,2465058,3072807","3072807,2465058,214665,0",,3558,76.90600,43.24160,CR+CIP/LFM+DUC/FC/HBET:1-7,3,5365070,456,117,KAZ,Kazakhstan,1,Almaty,3,Almaty (Alma-Ata),Res,595
3072807,KAZ,Алмалинский район,,Алмалинский район,,administrative,6,Q16533574,ru:Алмалинский район,2019-07-12 22:02:02,,"0,214665,2465058,3072807","3072807,2465058,214665,0",,2825,76.92890,43.26710,CR+CIP/LWAL+DNO/FC/HBET:8-16,7,43663600,1330,117,KAZ,Kazakhstan,1,Almaty,3,Almaty (Alma-Ata),Res,595
3072807,KAZ,Алмалинский район,,Алмалинский район,,administrative,6,Q16533574,ru:Алмалинский район,2019-07-12 22:02:02,,"0,214665,2465058,3072807","3072807,2465058,214665,0",,4889,76.94160,43.26530,CR+CIP/LWAL+DNO/FC/HBET:8-16,2,12475300,380,117,KAZ,Kazakhstan,1,Almaty,3,Almaty (Alma-Ata),Res,595
3072807,KAZ,Алмалинский район,,Алмалинский район,,administrative,6,Q16533574,ru:Алмалинский район,2019-07-12 22:02:02,,"0,214665,2465058,3072807","3072807,2465058,214665,0",,4329,76.87770,43.25700,CR+CIP/LWAL+DNO/FC/HBET:8-16,1,6237660,190,117,KAZ,Kazakhstan,1,Almaty,3,Almaty (Alma-Ata),Res,595
3072807,KAZ,Алмалинский район,,Алмалинский район,,administrative,6,Q16533574,ru:Алмалинский район,2019-07-12 22:02:02,,"0,214665,2465058,3072807","3072807,2465058,214665,0",,3881,76.91990,43.25370,CR+CIP/LWAL+DNO/FC/HBET:8-16,1,6237660,190,117,KAZ,Kazakhstan,1,Almaty,3,Almaty (Alma-Ata),Res,595
3072807,KAZ,Алмалинский район,,Алмалинский район,,administrative,6,Q16533574,ru:Алмалинский район,2019-07-12 22:02:02,,"0,214665,2465058,3072807","3072807,2465058,214665,0",,3433,76.90740,43.25360,CR+CIP/LWAL+DNO/FC/HBET:8-16,10,62376600,1900,117,KAZ,Kazakhstan,1,Almaty,3,Almaty (Alma-Ata),Res,595
3072807,KAZ,Алмалинский район,,Алмалинский район,,administrative,6,Q16533574,ru:Алмалинский район,2019-07-12 22:02:02,,"0,214665,2465058,3072807","3072807,2465058,214665,0",,3145,76.94330,43.25350,CR+CIP/LWAL+DNO/FC/HBET:8-16,1,6237660,190,117,KAZ,Kazakhstan,1,Almaty,3,Almaty (Alma-Ata),Res,595
3072807,KAZ,Алмалинский район,,Алмалинский район,,administrative,6,Q16533574,ru:Алмалинский район,2019-07-12 22:02:02,,"0,214665,2465058,3072807","3072807,2465058,214665,0",,4601,76.86840,43.24890,CR+CIP/LWAL+DNO/FC/HBET:8-16,1,6237660,190,117,KAZ,Kazakhstan,1,Almaty,3,Almaty (Alma-Ata),Res,595
3072807,KAZ,Алмалинский район,,Алмалинский район,,administrative,6,Q16533574,ru:Алмалинский район,2019-07-12 22:02:02,,"0,214665,2465058,3072807","3072807,2465058,214665,0",,4009,76.88650,43.24550,CR+CIP/LWAL+DNO/FC/HBET:8-16,3,18713000,570,117,KAZ,Kazakhstan,1,Almaty,3,Almaty (Alma-Ata),Res,595
3072807,KAZ,Алмалинский район,,Алмалинский район,,administrative,6,Q16533574,ru:Алмалинский район,2019-07-12 22:02:02,,"0,214665,2465058,3072807","3072807,2465058,214665,0",,3449,76.94750,43.24420,CR+CIP/LWAL+DNO/FC/HBET:8-16,1,6237660,190,117,KAZ,Kazakhstan,1,Almaty,3,Almaty (Alma-Ata),Res,595
3072807,KAZ,Алмалинский район,,Алмалинский район,,administrative,6,Q16533574,ru:Алмалинский район,2019-07-12 22:02:02,,"0,214665,2465058,3072807","3072807,2465058,214665,0",,3561,76.90600,43.24160,CR+CIP/LWAL+DNO/FC/HBET:8-16,2,12475300,380,117,KAZ,Kazakhstan,1,Almaty,3,Almaty (Alma-Ata),Res,595
3072807,KAZ,Алмалинский район,,Алмалинский район,,administrative,6,Q16533574,ru:Алмалинский район,2019-07-12 22:02:02,,"0,214665,2465058,3072807","3072807,2465058,214665,0",,2827,76.92890,43.26710,CR+PC/LFLS+DUC/FC/HBET:5-9,2,4345220,304,117,KAZ,Kazakhstan,1,Almaty,3,Almaty (Alma-Ata),Res,595
3072807,KAZ,Алмалинский район,,Алмалинский район,,administrative,6,Q16533574,ru:Алмалинский район,2019-07-12 22:02:02,,"0,214665,2465058,3072807","3072807,2465058,214665,0",,4891,76.94160,43.26530,CR+PC/LFLS+DUC/FC/HBET:5-9,4,8690450,608,117,KAZ,Kazakhstan,1,Almaty,3,Almaty (Alma-Ata),Res,595
3072807,KAZ,Алмалинский район,,Алмалинский район,,administrative,6,Q16533574,ru:Алмалинский район,2019-07-12 22:02:02,,"0,214665,2465058,3072807","3072807,2465058,214665,0",,3339,76.89630,43.25380,CR+PC/LFLS+DUC/FC/HBET:5-9,1,2172610,152,117,KAZ,Kazakhstan,1,Almaty,3,Almaty (Alma-Ata),Res,595
3072807,KAZ,Алмалинский район,,Алмалинский район,,administrative,6,Q16533574,ru:Алмалинский район,2019-07-12 22:02:02,,"0,214665,2465058,3072807","3072807,2465058,214665,0",,3883,76.91990,43.25370,CR+PC/LFLS+DUC/FC/HBET:5-9,16,34761800,2432,117,KAZ,Kazakhstan,1,Almaty,3,Almaty (Alma-Ata),Res,595
3072807,KAZ,Алмалинский район,,Алмалинский район,,administrative,6,Q16533574,ru:Алмалинский район,2019-07-12 22:02:02,,"0,214665,2465058,3072807","3072807,2465058,214665,0",,4939,76.93210,43.24820,CR+PC/LFLS+DUC/FC/HBET:5-9,11,23898700,1672,117,KAZ,Kazakhstan,1,Almaty,3,Almaty (Alma-Ata),Res,595
3072807,KAZ,Алмалинский район,,Алмалинский район,,administrative,6,Q16533574,ru:Алмалинский район,2019-07-12 22:02:02,,"0,214665,2465058,3072807","3072807,2465058,214665,0",,4011,76.88650,43.24550,CR+PC/LFLS+DUC/FC/HBET:5-9,1,2172610,152,117,KAZ,Kazakhstan,1,Almaty,3,Almaty (Alma-Ata),Res,595
3072807,KAZ,Алмалинский район,,Алмалинский район,,administrative,6,Q16533574,ru:Алмалинский район,2019-07-12 22:02:02,,"0,214665,2465058,3072807","3072807,2465058,214665,0",,4907,76.87770,43.24530,CR+PC/LFLS+DUC/FC/HBET:5-9,4,8690450,608,117,KAZ,Kazakhstan,1,Almaty,3,Almaty (Alma-Ata),Res,595
3072807,KAZ,Алмалинский район,,Алмалинский район,,administrative,6,Q16533574,ru:Алмалинский район,2019-07-12 22:02:02,,"0,214665,2465058,3072807","3072807,2465058,214665,0",,3451,76.94750,43.24420,CR+PC/LFLS+DUC/FC/HBET:5-9,1,2172610,152,117,KAZ,Kazakhstan,1,Almaty,3,Almaty (Alma-Ata),Res,595
3072807,KAZ,Алмалинский район,,Алмалинский район,,administrative,6,Q16533574,ru:Алмалинский район,2019-07-12 22:02:02,,"0,214665,2465058,3072807","3072807,2465058,214665,0",,2826,76.92890,43.26710,CR+PC/LWAL+DUC/FC/HBET:1-16,20,41732800,3040,117,KAZ,Kazakhstan,1,Almaty,3,Almaty (Alma-Ata),Res,595
3072807,KAZ,Алмалинский район,,Алмалинский район,,administrative,6,Q16533574,ru:Алмалинский район,2019-07-12 22:02:02,,"0,214665,2465058,3072807","3072807,2465058,214665,0",,4890,76.94160,43.26530,CR+PC/LWAL+DUC/FC/HBET:1-16,10,20866400,1520,117,KAZ,Kazakhstan,1,Almaty,3,Almaty (Alma-Ata),Res,595
3072807,KAZ,Алмалинский район,,Алмалинский район,,administrative,6,Q16533574,ru:Алмалинский район,2019-07-12 22:02:02,,"0,214665,2465058,3072807","3072807,2465058,214665,0",,4090,76.89110,43.25780,CR+PC/LWAL+DUC/FC/HBET:1-16,5,10433200,760,117,KAZ,Kazakhstan,1,Almaty,3,Almaty (Alma-Ata),Res,595
3072807,KAZ,Алмалинский район,,Алмалинский район,,administrative,6,Q16533574,ru:Алмалинский район,2019-07-12 22:02:02,,"0,214665,2465058,3072807","3072807,2465058,214665,0",,4330,76.87770,43.25700,CR+PC/LWAL+DUC/FC/HBET:1-16,5,10433200,760,117,KAZ,Kazakhstan,1,Almaty,3,Almaty (Alma-Ata),Res,595
3072807,KAZ,Алмалинский район,,Алмалинский район,,administrative,6,Q16533574,ru:Алмалинский район,2019-07-12 22:02:02,,"0,214665,2465058,3072807","3072807,2465058,214665,0",,3338,76.89630,43.25380,CR+PC/LWAL+DUC/FC/HBET:1-16,11,22953000,1672,117,KAZ,Kazakhstan,1,Almaty,3,Almaty (Alma-Ata),Res,595
3072807,KAZ,Алмалинский район,,Алмалинский район,,administrative,6,Q16533574,ru:Алмалинский район,2019-07-12 22:02:02,,"0,214665,2465058,3072807","3072807,2465058,214665,0",,3882,76.91990,43.25370,CR+PC/LWAL+DUC/FC/HBET:1-16,14,29212900,2128,117,KAZ,Kazakhstan,1,Almaty,3,Almaty (Alma-Ata),Res,595
3072807,KAZ,Алмалинский район,,Алмалинский район,,administrative,6,Q16533574,ru:Алмалинский район,2019-07-12 22:02:02,,"0,214665,2465058,3072807","3072807,2465058,214665,0",,3434,76.90740,43.25360,CR+PC/LWAL+DUC/FC/HBET:1-16,15,31299600,2280,117,KAZ,Kazakhstan,1,Almaty,3,Almaty (Alma-Ata),Res,595
3072807,KAZ,Алмалинский район,,Алмалинский район,,administrative,6,Q16533574,ru:Алмалинский район,2019-07-12 22:02:02,,"0,214665,2465058,3072807","3072807,2465058,214665,0",,3146,76.94330,43.25350,CR+PC/LWAL+DUC/FC/HBET:1-16,6,12519800,912,117,KAZ,Kazakhstan,1,Almaty,3,Almaty (Alma-Ata),Res,595
3072807,KAZ,Алмалинский район,,Алмалинский район,,administrative,6,Q16533574,ru:Алмалинский район,2019-07-12 22:02:02,,"0,214665,2465058,3072807","3072807,2465058,214665,0",,4602,76.86840,43.24890,CR+PC/LWAL+DUC/FC/HBET:1-16,10,20866400,1520,117,KAZ,Kazakhstan,1,Almaty,3,Almaty (Alma-Ata),Res,595
3072807,KAZ,Алмалинский район,,Алмалинский район,,administrative,6,Q16533574,ru:Алмалинский район,2019-07-12 22:02:02,,"0,214665,2465058,3072807","3072807,2465058,214665,0",,4938,76.93210,43.24820,CR+PC/LWAL+DUC/FC/HBET:1-16,11,22953000,1672,117,KAZ,Kazakhstan,1,Almaty,3,Almaty (Alma-Ata),Res,595
3072807,KAZ,Алмалинский район,,Алмалинский район,,administrative,6,Q16533574,ru:Алмалинский район,2019-07-12 22:02:02,,"0,214665,2465058,3072807","3072807,2465058,214665,0",,4010,76.88650,43.24550,CR+PC/LWAL+DUC/FC/HBET:1-16,8,16693100,1216,117,KAZ,Kazakhstan,1,Almaty,3,Almaty (Alma-Ata),Res,595
3072807,KAZ,Алмалинский район,,Алмалинский район,,administrative,6,Q16533574,ru:Алмалинский район,2019-07-12 22:02:02,,"0,214665,2465058,3072807","3072807,2465058,214665,0",,4906,76.87770,43.24530,CR+PC/LWAL+DUC/FC/HBET:1-16,11,22953000,1672,117,KAZ,Kazakhstan,1,Almaty,3,Almaty (Alma-Ata),Res,595
3072807,KAZ,Алмалинский район,,Алмалинский район,,administrative,6,Q16533574,ru:Алмалинский район,2019-07-12 22:02:02,,"0,214665,2465058,3072807","3072807,2465058,214665,0",,3450,76.94750,43.24420,CR+PC/LWAL+DUC/FC/HBET:1-16,6,12519800,912,117,KAZ,Kazakhstan,1,Almaty,3,Almaty (Alma-Ata),Res,595
3072807,KAZ,Алмалинский район,,Алмалинский район,,administrative,6,Q16533574,ru:Алмалинский район,2019-07-12 22:02:02,,"0,214665,2465058,3072807","3072807,2465058,214665,0",,2986,76.89530,43.24370,CR+PC/LWAL+DUC/FC/HBET:1-16,15,31299600,2280,117,KAZ,Kazakhstan,1,Almaty,3,Almaty (Alma-Ata),Res,595
3072807,KAZ,Алмалинский район,,Алмалинский район,,administrative,6,Q16533574,ru:Алмалинский район,2019-07-12 22:02:02,,"0,214665,2465058,3072807","3072807,2465058,214665,0",,3562,76.90600,43.24160,CR+PC/LWAL+DUC/FC/HBET:1-16,10,20866400,1520,117,KAZ,Kazakhstan,1,Almaty,3,Almaty (Alma-Ata),Res,595
3072807,KAZ,Алмалинский район,,Алмалинский район,,administrative,6,Q16533574,ru:Алмалинский район,2019-07-12 22:02:02,,"0,214665,2465058,3072807","3072807,2465058,214665,0",,2819,76.92890,43.26710,MCF+MOC/LWAL+DNO/FC/HBET:1-5,27,18055900,2052,117,KAZ,Kazakhstan,1,Almaty,3,Almaty (Alma-Ata),Res,280
3072807,KAZ,Алмалинский район,,Алмалинский район,,administrative,6,Q16533574,ru:Алмалинский район,2019-07-12 22:02:02,,"0,214665,2465058,3072807","3072807,2465058,214665,0",,4883,76.94160,43.26530,MCF+MOC/LWAL+DNO/FC/HBET:1-5,16,10699800,1216,117,KAZ,Kazakhstan,1,Almaty,3,Almaty (Alma-Ata),Res,280
3072807,KAZ,Алмалинский район,,Алмалинский район,,administrative,6,Q16533574,ru:Алмалинский район,2019-07-12 22:02:02,,"0,214665,2465058,3072807","3072807,2465058,214665,0",,4083,76.89110,43.25780,MCF+MOC/LWAL+DNO/FC/HBET:1-5,14,9362300,1064,117,KAZ,Kazakhstan,1,Almaty,3,Almaty (Alma-Ata),Res,280
3072807,KAZ,Алмалинский район,,Алмалинский район,,administrative,6,Q16533574,ru:Алмалинский район,2019-07-12 22:02:02,,"0,214665,2465058,3072807","3072807,2465058,214665,0",,4323,76.87770,43.25700,MCF+MOC/LWAL+DNO/FC/HBET:1-5,25,16718400,1900,117,KAZ,Kazakhstan,1,Almaty,3,Almaty (Alma-Ata),Res,280
3072807,KAZ,Алмалинский район,,Алмалинский район,,administrative,6,Q16533574,ru:Алмалинский район,2019-07-12 22:02:02,,"0,214665,2465058,3072807","3072807,2465058,214665,0",,3331,76.89630,43.25380,MCF+MOC/LWAL+DNO/FC/HBET:1-5,15,10031000,1140,117,KAZ,Kazakhstan,1,Almaty,3,Almaty (Alma-Ata),Res,280
3072807,KAZ,Алмалинский район,,Алмалинский район,,administrative,6,Q16533574,ru:Алмалинский район,2019-07-12 22:02:02,,"0,214665,2465058,3072807","3072807,2465058,214665,0",,3875,76.91990,43.25370,MCF+MOC/LWAL+DNO/FC/HBET:1-5,42,28086900,3192,117,KAZ,Kazakhstan,1,Almaty,3,Almaty (Alma-Ata),Res,280
3072807,KAZ,Алмалинский район,,Алмалинский район,,administrative,6,Q16533574,ru:Алмалинский район,2019-07-12 22:02:02,,"0,214665,2465058,3072807","3072807,2465058,214665,0",,3427,76.90740,43.25360,MCF+MOC/LWAL+DNO/FC/HBET:1-5,20,13374700,1520,117,KAZ,Kazakhstan,1,Almaty,3,Almaty (Alma-Ata),Res,280
3072807,KAZ,Алмалинский район,,Алмалинский район,,administrative,6,Q16533574,ru:Алмалинский район,2019-07-12 22:02:02,,"0,214665,2465058,3072807","3072807,2465058,214665,0",,3139,76.94330,43.25350,MCF+MOC/LWAL+DNO/FC/HBET:1-5,19,12706000,1444,117,KAZ,Kazakhstan,1,Almaty,3,Almaty (Alma-Ata),Res,280
3072807,KAZ,Алмалинский район,,Алмалинский район,,administrative,6,Q16533574,ru:Алмалинский район,2019-07-12 22:02:02,,"0,214665,2465058,3072807","3072807,2465058,214665,0",,4595,76.86840,43.24890,MCF+MOC/LWAL+DNO/FC/HBET:1-5,31,20730800,2356,117,KAZ,Kazakhstan,1,Almaty,3,Almaty (Alma-Ata),Res,280
3072807,KAZ,Алмалинский район,,Алмалинский район,,administrative,6,Q16533574,ru:Алмалинский район,2019-07-12 22:02:02,,"0,214665,2465058,3072807","3072807,2465058,214665,0",,4931,76.93210,43.24820,MCF+MOC/LWAL+DNO/FC/HBET:1-5,34,22737000,2584,117,KAZ,Kazakhstan,1,Almaty,3,Almaty (Alma-Ata),Res,280
3072807,KAZ,Алмалинский район,,Алмалинский район,,administrative,6,Q16533574,ru:Алмалинский район,2019-07-12 22:02:02,,"0,214665,2465058,3072807","3072807,2465058,214665,0",,4003,76.88650,43.24550,MCF+MOC/LWAL+DNO/FC/HBET:1-5,10,6687360,760,117,KAZ,Kazakhstan,1,Almaty,3,Almaty (Alma-Ata),Res,280
3072807,KAZ,Алмалинский район,,Алмалинский район,,administrative,6,Q16533574,ru:Алмалинский район,2019-07-12 22:02:02,,"0,214665,2465058,3072807","3072807,2465058,214665,0",,4899,76.87770,43.24530,MCF+MOC/LWAL+DNO/FC/HBET:1-5,13,8693570,988,117,KAZ,Kazakhstan,1,Almaty,3,Almaty (Alma-Ata),Res,280
3072807,KAZ,Алмалинский район,,Алмалинский район,,administrative,6,Q16533574,ru:Алмалинский район,2019-07-12 22:02:02,,"0,214665,2465058,3072807","3072807,2465058,214665,0",,3443,76.94750,43.24420,MCF+MOC/LWAL+DNO/FC/HBET:1-5,22,14712200,1672,117,KAZ,Kazakhstan,1,Almaty,3,Almaty (Alma-Ata),Res,280
3072807,KAZ,Алмалинский район,,Алмалинский район,,administrative,6,Q16533574,ru:Алмалинский район,2019-07-12 22:02:02,,"0,214665,2465058,3072807","3072807,2465058,214665,0",,2979,76.89530,43.24370,MCF+MOC/LWAL+DNO/FC/HBET:1-5,11,7356100,836,117,KAZ,Kazakhstan,1,Almaty,3,Almaty (Alma-Ata),Res,280
3072807,KAZ,Алмалинский район,,Алмалинский район,,administrative,6,Q16533574,ru:Алмалинский район,2019-07-12 22:02:02,,"0,214665,2465058,3072807","3072807,2465058,214665,0",,3555,76.90600,43.24160,MCF+MOC/LWAL+DNO/FC/HBET:1-5,26,17387100,1976,117,KAZ,Kazakhstan,1,Almaty,3,Almaty (Alma-Ata),Res,280
3072807,KAZ,Алмалинский район,,Алмалинский район,,administrative,6,Q16533574,ru:Алмалинский район,2019-07-12 22:02:02,,"0,214665,2465058,3072807","3072807,2465058,214665,0",,2820,76.92890,43.26710,MR+MOC/LWAL+DNO/FC/HBET:1-2,50,5541350,260,117,KAZ,Kazakhstan,1,Almaty,3,Almaty (Alma-Ata),Res,280
3072807,KAZ,Алмалинский район,,Алмалинский район,,administrative,6,Q16533574,ru:Алмалинский район,2019-07-12 22:02:02,,"0,214665,2465058,3072807","3072807,2465058,214665,0",,4884,76.94160,43.26530,MR+MOC/LWAL+DNO/FC/HBET:1-2,29,3213980,150,117,KAZ,Kazakhstan,1,Almaty,3,Almaty (Alma-Ata),Res,280
3072807,KAZ,Алмалинский район,,Алмалинский район,,administrative,6,Q16533574,ru:Алмалинский район,2019-07-12 22:02:02,,"0,214665,2465058,3072807","3072807,2465058,214665,0",,4084,76.89110,43.25780,MR+MOC/LWAL+DNO/FC/HBET:1-2,20,2216540,104,117,KAZ,Kazakhstan,1,Almaty,3,Almaty (Alma-Ata),Res,280
3072807,KAZ,Алмалинский район,,Алмалинский район,,administrative,6,Q16533574,ru:Алмалинский район,2019-07-12 22:02:02,,"0,214665,2465058,3072807","3072807,2465058,214665,0",,4324,76.87770,43.25700,MR+MOC/LWAL+DNO/FC/HBET:1-2,23,2549020,119,117,KAZ,Kazakhstan,1,Almaty,3,Almaty (Alma-Ata),Res,280
3072807,KAZ,Алмалинский район,,Алмалинский район,,administrative,6,Q16533574,ru:Алмалинский район,2019-07-12 22:02:02,,"0,214665,2465058,3072807","3072807,2465058,214665,0",,3332,76.89630,43.25380,MR+MOC/LWAL+DNO/FC/HBET:1-2,23,2549020,119,117,KAZ,Kazakhstan,1,Almaty,3,Almaty (Alma-Ata),Res,280
3072807,KAZ,Алмалинский район,,Алмалинский район,,administrative,6,Q16533574,ru:Алмалинский район,2019-07-12 22:02:02,,"0,214665,2465058,3072807","3072807,2465058,214665,0",,3876,76.91990,43.25370,MR+MOC/LWAL+DNO/FC/HBET:1-2,47,5208870,244,117,KAZ,Kazakhstan,1,Almaty,3,Almaty (Alma-Ata),Res,280
3072807,KAZ,Алмалинский район,,Алмалинский район,,administrative,6,Q16533574,ru:Алмалинский район,2019-07-12 22:02:02,,"0,214665,2465058,3072807","3072807,2465058,214665,0",,3428,76.90740,43.25360,MR+MOC/LWAL+DNO/FC/HBET:1-2,44,4876390,228,117,KAZ,Kazakhstan,1,Almaty,3,Almaty (Alma-Ata),Res,280
3072807,KAZ,Алмалинский район,,Алмалинский район,,administrative,6,Q16533574,ru:Алмалинский район,2019-07-12 22:02:02,,"0,214665,2465058,3072807","3072807,2465058,214665,0",,3140,76.94330,43.25350,MR+MOC/LWAL+DNO/FC/HBET:1-2,32,3546460,166,117,KAZ,Kazakhstan,1,Almaty,3,Almaty (Alma-Ata),Res,280
3072807,KAZ,Алмалинский район,,Алмалинский район,,administrative,6,Q16533574,ru:Алмалинский район,2019-07-12 22:02:02,,"0,214665,2465058,3072807","3072807,2465058,214665,0",,4596,76.86840,43.24890,MR+MOC/LWAL+DNO/FC/HBET:1-2,29,3213980,150,117,KAZ,Kazakhstan,1,Almaty,3,Almaty (Alma-Ata),Res,280
3072807,KAZ,Алмалинский район,,Алмалинский район,,administrative,6,Q16533574,ru:Алмалинский район,2019-07-12 22:02:02,,"0,214665,2465058,3072807","3072807,2465058,214665,0",,4932,76.93210,43.24820,MR+MOC/LWAL+DNO/FC/HBET:1-2,42,4654730,218,117,KAZ,Kazakhstan,1,Almaty,3,Almaty (Alma-Ata),Res,280
3072807,KAZ,Алмалинский район,,Алмалинский район,,administrative,6,Q16533574,ru:Алмалинский район,2019-07-12 22:02:02,,"0,214665,2465058,3072807","3072807,2465058,214665,0",,4004,76.88650,43.24550,MR+MOC/LWAL+DNO/FC/HBET:1-2,25,2770680,130,117,KAZ,Kazakhstan,1,Almaty,3,Almaty (Alma-Ata),Res,280
3072807,KAZ,Алмалинский район,,Алмалинский район,,administrative,6,Q16533574,ru:Алмалинский район,2019-07-12 22:02:02,,"0,214665,2465058,3072807","3072807,2465058,214665,0",,4900,76.87770,43.24530,MR+MOC/LWAL+DNO/FC/HBET:1-2,23,2549020,119,117,KAZ,Kazakhstan,1,Almaty,3,Almaty (Alma-Ata),Res,280
3072807,KAZ,Алмалинский район,,Алмалинский район,,administrative,6,Q16533574,ru:Алмалинский район,2019-07-12 22:02:02,,"0,214665,2465058,3072807","3072807,2465058,214665,0",,3444,76.94750,43.24420,MR+MOC/LWAL+DNO/FC/HBET:1-2,23,2549020,119,117,KAZ,Kazakhstan,1,Almaty,3,Almaty (Alma-Ata),Res,280
3072807,KAZ,Алмалинский район,,Алмалинский район,,administrative,6,Q16533574,ru:Алмалинский район,2019-07-12 22:02:02,,"0,214665,2465058,3072807","3072807,2465058,214665,0",,2980,76.89530,43.24370,MR+MOC/LWAL+DNO/FC/HBET:1-2,35,3878950,182,117,KAZ,Kazakhstan,1,Almaty,3,Almaty (Alma-Ata),Res,280
3072807,KAZ,Алмалинский район,,Алмалинский район,,administrative,6,Q16533574,ru:Алмалинский район,2019-07-12 22:02:02,,"0,214665,2465058,3072807","3072807,2465058,214665,0",,3556,76.90600,43.24160,MR+MOC/LWAL+DNO/FC/HBET:1-2,29,3213980,150,117,KAZ,Kazakhstan,1,Almaty,3,Almaty (Alma-Ata),Res,280
3072807,KAZ,Алмалинский район,,Алмалинский район,,administrative,6,Q16533574,ru:Алмалинский район,2019-07-12 22:02:02,,"0,214665,2465058,3072807","3072807,2465058,214665,0",,2821,76.92890,43.26710,MR+MOC/LWAL+DNO/FC/HBET:3-5,23,12436800,2392,117,KAZ,Kazakhstan,1,Almaty,3,Almaty (Alma-Ata),Res,280
3072807,KAZ,Алмалинский район,,Алмалинский район,,administrative,6,Q16533574,ru:Алмалинский район,2019-07-12 22:02:02,,"0,214665,2465058,3072807","3072807,2465058,214665,0",,4885,76.94160,43.26530,MR+MOC/LWAL+DNO/FC/HBET:3-5,29,15681200,3016,117,KAZ,Kazakhstan,1,Almaty,3,Almaty (Alma-Ata),Res,280
3072807,KAZ,Алмалинский район,,Алмалинский район,,administrative,6,Q16533574,ru:Алмалинский район,2019-07-12 22:02:02,,"0,214665,2465058,3072807","3072807,2465058,214665,0",,4085,76.89110,43.25780,MR+MOC/LWAL+DNO/FC/HBET:3-5,13,7029500,1352,117,KAZ,Kazakhstan,1,Almaty,3,Almaty (Alma-Ata),Res,280
3072807,KAZ,Алмалинский район,,Алмалинский район,,administrative,6,Q16533574,ru:Алмалинский район,2019-07-12 22:02:02,,"0,214665,2465058,3072807","3072807,2465058,214665,0",,4325,76.87770,43.25700,MR+MOC/LWAL+DNO/FC/HBET:3-5,16,8651700,1664,117,KAZ,Kazakhstan,1,Almaty,3,Almaty (Alma-Ata),Res,280
3072807,KAZ,Алмалинский район,,Алмалинский район,,administrative,6,Q16533574,ru:Алмалинский район,2019-07-12 22:02:02,,"0,214665,2465058,3072807","3072807,2465058,214665,0",,3333,76.89630,43.25380,MR+MOC/LWAL+DNO/FC/HBET:3-5,12,6488770,1248,117,KAZ,Kazakhstan,1,Almaty,3,Almaty (Alma-Ata),Res,280
3072807,KAZ,Алмалинский район,,Алмалинский район,,administrative,6,Q16533574,ru:Алмалинский район,2019-07-12 22:02:02,,"0,214665,2465058,3072807","3072807,2465058,214665,0",,3877,76.91990,43.25370,MR+MOC/LWAL+DNO/FC/HBET:3-5,16,8651700,1664,117,KAZ,Kazakhstan,1,Almaty,3,Almaty (Alma-Ata),Res,280
3072807,KAZ,Алмалинский район,,Алмалинский район,,administrative,6,Q16533574,ru:Алмалинский район,2019-07-12 22:02:02,,"0,214665,2465058,3072807","3072807,2465058,214665,0",,3429,76.90740,43.25360,MR+MOC/LWAL+DNO/FC/HBET:3-5,4,2162920,416,117,KAZ,Kazakhstan,1,Almaty,3,Almaty (Alma-Ata),Res,280
3072807,KAZ,Алмалинский район,,Алмалинский район,,administrative,6,Q16533574,ru:Алмалинский район,2019-07-12 22:02:02,,"0,214665,2465058,3072807","3072807,2465058,214665,0",,3141,76.94330,43.25350,MR+MOC/LWAL+DNO/FC/HBET:3-5,32,17303400,3328,117,KAZ,Kazakhstan,1,Almaty,3,Almaty (Alma-Ata),Res,280
3072807,KAZ,Алмалинский район,,Алмалинский район,,administrative,6,Q16533574,ru:Алмалинский район,2019-07-12 22:02:02,,"0,214665,2465058,3072807","3072807,2465058,214665,0",,4597,76.86840,43.24890,MR+MOC/LWAL+DNO/FC/HBET:3-5,19,10273900,1976,117,KAZ,Kazakhstan,1,Almaty,3,Almaty (Alma-Ata),Res,280
3072807,KAZ,Алмалинский район,,Алмалинский район,,administrative,6,Q16533574,ru:Алмалинский район,2019-07-12 22:02:02,,"0,214665,2465058,3072807","3072807,2465058,214665,0",,4933,76.93210,43.24820,MR+MOC/LWAL+DNO/FC/HBET:3-5,44,23792200,4576,117,KAZ,Kazakhstan,1,Almaty,3,Almaty (Alma-Ata),Res,280
3072807,KAZ,Алмалинский район,,Алмалинский район,,administrative,6,Q16533574,ru:Алмалинский район,2019-07-12 22:02:02,,"0,214665,2465058,3072807","3072807,2465058,214665,0",,4005,76.88650,43.24550,MR+MOC/LWAL+DNO/FC/HBET:3-5,12,6488770,1248,117,KAZ,Kazakhstan,1,Almaty,3,Almaty (Alma-Ata),Res,280
3072807,KAZ,Алмалинский район,,Алмалинский район,,administrative,6,Q16533574,ru:Алмалинский район,2019-07-12 22:02:02,,"0,214665,2465058,3072807","3072807,2465058,214665,0",,4901,76.87770,43.24530,MR+MOC/LWAL+DNO/FC/HBET:3-5,13,7029500,1352,117,KAZ,Kazakhstan,1,Almaty,3,Almaty (Alma-Ata),Res,280
3072807,KAZ,Алмалинский район,,Алмалинский район,,administrative,6,Q16533574,ru:Алмалинский район,2019-07-12 22:02:02,,"0,214665,2465058,3072807","3072807,2465058,214665,0",,3445,76.94750,43.24420,MR+MOC/LWAL+DNO/FC/HBET:3-5,30,16221900,3120,117,KAZ,Kazakhstan,1,Almaty,3,Almaty (Alma-Ata),Res,280
3072807,KAZ,Алмалинский район,,Алмалинский район,,administrative,6,Q16533574,ru:Алмалинский район,2019-07-12 22:02:02,,"0,214665,2465058,3072807","3072807,2465058,214665,0",,2981,76.89530,43.24370,MR+MOC/LWAL+DNO/FC/HBET:3-5,13,7029500,1352,117,KAZ,Kazakhstan,1,Almaty,3,Almaty (Alma-Ata),Res,280
3072807,KAZ,Алмалинский район,,Алмалинский район,,administrative,6,Q16533574,ru:Алмалинский район,2019-07-12 22:02:02,,"0,214665,2465058,3072807","3072807,2465058,214665,0",,3557,76.90600,43.24160,MR+MOC/LWAL+DNO/FC/HBET:3-5,21,11355400,2184,117,KAZ,Kazakhstan,1,Almaty,3,Almaty (Alma-Ata),Res,280
3072807,KAZ,Алмалинский район,,Алмалинский район,,administrative,6,Q16533574,ru:Алмалинский район,2019-07-12 22:02:02,,"0,214665,2465058,3072807","3072807,2465058,214665,0",,2828,76.92890,43.26710,MUR+ADO/LWAL+DNO/FW/HBET:1,128,790272,665,117,KAZ,Kazakhstan,1,Almaty,3,Almaty (Alma-Ata),Res,245
3072807,KAZ,Алмалинский район,,Алмалинский район,,administrative,6,Q16533574,ru:Алмалинский район,2019-07-12 22:02:02,,"0,214665,2465058,3072807","3072807,2465058,214665,0",,4892,76.94160,43.26530,MUR+ADO/LWAL+DNO/FW/HBET:1,105,648270,546,117,KAZ,Kazakhstan,1,Almaty,3,Almaty (Alma-Ata),Res,245
3072807,KAZ,Алмалинский район,,Алмалинский район,,administrative,6,Q16533574,ru:Алмалинский район,2019-07-12 22:02:02,,"0,214665,2465058,3072807","3072807,2465058,214665,0",,4092,76.89110,43.25780,MUR+ADO/LWAL+DNO/FW/HBET:1,43,265482,223,117,KAZ,Kazakhstan,1,Almaty,3,Almaty (Alma-Ata),Res,245
3072807,KAZ,Алмалинский район,,Алмалинский район,,administrative,6,Q16533574,ru:Алмалинский район,2019-07-12 22:02:02,,"0,214665,2465058,3072807","3072807,2465058,214665,0",,4332,76.87770,43.25700,MUR+ADO/LWAL+DNO/FW/HBET:1,77,475398,400,117,KAZ,Kazakhstan,1,Almaty,3,Almaty (Alma-Ata),Res,245
3072807,KAZ,Алмалинский район,,Алмалинский район,,administrative,6,Q16533574,ru:Алмалинский район,2019-07-12 22:02:02,,"0,214665,2465058,3072807","3072807,2465058,214665,0",,3340,76.89630,43.25380,MUR+ADO/LWAL+DNO/FW/HBET:1,56,345744,291,117,KAZ,Kazakhstan,1,Almaty,3,Almaty (Alma-Ata),Res,245
3072807,KAZ,Алмалинский район,,Алмалинский район,,administrative,6,Q16533574,ru:Алмалинский район,2019-07-12 22:02:02,,"0,214665,2465058,3072807","3072807,2465058,214665,0",,3884,76.91990,43.25370,MUR+ADO/LWAL+DNO/FW/HBET:1,119,734706,618,117,KAZ,Kazakhstan,1,Almaty,3,Almaty (Alma-Ata),Res,245
3072807,KAZ,Алмалинский район,,Алмалинский район,,administrative,6,Q16533574,ru:Алмалинский район,2019-07-12 22:02:02,,"0,214665,2465058,3072807","3072807,2465058,214665,0",,3436,76.90740,43.25360,MUR+ADO/LWAL+DNO/FW/HBET:1,79,487746,410,117,KAZ,Kazakhstan,1,Almaty,3,Almaty (Alma-Ata),Res,245
3072807,KAZ,Алмалинский район,,Алмалинский район,,administrative,6,Q16533574,ru:Алмалинский район,2019-07-12 22:02:02,,"0,214665,2465058,3072807","3072807,2465058,214665,0",,3148,76.94330,43.25350,MUR+ADO/LWAL+DNO/FW/HBET:1,69,426006,358,117,KAZ,Kazakhstan,1,Almaty,3,Almaty (Alma-Ata),Res,245
3072807,KAZ,Алмалинский район,,Алмалинский район,,administrative,6,Q16533574,ru:Алмалинский район,2019-07-12 22:02:02,,"0,214665,2465058,3072807","3072807,2465058,214665,0",,4604,76.86840,43.24890,MUR+ADO/LWAL+DNO/FW/HBET:1,66,407484,343,117,KAZ,Kazakhstan,1,Almaty,3,Almaty (Alma-Ata),Res,245
3072807,KAZ,Алмалинский район,,Алмалинский район,,administrative,6,Q16533574,ru:Алмалинский район,2019-07-12 22:02:02,,"0,214665,2465058,3072807","3072807,2465058,214665,0",,4940,76.93210,43.24820,MUR+ADO/LWAL+DNO/FW/HBET:1,123,759402,639,117,KAZ,Kazakhstan,1,Almaty,3,Almaty (Alma-Ata),Res,245
3072807,KAZ,Алмалинский район,,Алмалинский район,,administrative,6,Q16533574,ru:Алмалинский район,2019-07-12 22:02:02,,"0,214665,2465058,3072807","3072807,2465058,214665,0",,4012,76.88650,43.24550,MUR+ADO/LWAL+DNO/FW/HBET:1,46,284004,239,117,KAZ,Kazakhstan,1,Almaty,3,Almaty (Alma-Ata),Res,245
3072807,KAZ,Алмалинский район,,Алмалинский район,,administrative,6,Q16533574,ru:Алмалинский район,2019-07-12 22:02:02,,"0,214665,2465058,3072807","3072807,2465058,214665,0",,4908,76.87770,43.24530,MUR+ADO/LWAL+DNO/FW/HBET:1,52,321048,270,117,KAZ,Kazakhstan,1,Almaty,3,Almaty (Alma-Ata),Res,245
3072807,KAZ,Алмалинский район,,Алмалинский район,,administrative,6,Q16533574,ru:Алмалинский район,2019-07-12 22:02:02,,"0,214665,2465058,3072807","3072807,2465058,214665,0",,3452,76.94750,43.24420,MUR+ADO/LWAL+DNO/FW/HBET:1,70,432180,364,117,KAZ,Kazakhstan,1,Almaty,3,Almaty (Alma-Ata),Res,245
3072807,KAZ,Алмалинский район,,Алмалинский район,,administrative,6,Q16533574,ru:Алмалинский район,2019-07-12 22:02:02,,"0,214665,2465058,3072807","3072807,2465058,214665,0",,2988,76.89530,43.24370,MUR+ADO/LWAL+DNO/FW/HBET:1,52,321048,270,117,KAZ,Kazakhstan,1,Almaty,3,Almaty (Alma-Ata),Res,245
3072807,KAZ,Алмалинский район,,Алмалинский район,,administrative,6,Q16533574,ru:Алмалинский район,2019-07-12 22:02:02,,"0,214665,2465058,3072807","3072807,2465058,214665,0",,3564,76.90600,43.24160,MUR+ADO/LWAL+DNO/FW/HBET:1,82,506268,426,117,KAZ,Kazakhstan,1,Almaty,3,Almaty (Alma-Ata),Res,245
3072807,KAZ,Алмалинский район,,Алмалинский район,,administrative,6,Q16533574,ru:Алмалинский район,2019-07-12 22:02:02,,"0,214665,2465058,3072807","3072807,2465058,214665,0",,2817,76.92890,43.26710,MUR+CLBRS/LWAL+DNO/FW/HBET:1-3,21,1794450,79,117,KAZ,Kazakhstan,1,Almaty,3,Almaty (Alma-Ata),Res,280
3072807,KAZ,Алмалинский район,,Алмалинский район,,administrative,6,Q16533574,ru:Алмалинский район,2019-07-12 22:02:02,,"0,214665,2465058,3072807","3072807,2465058,214665,0",,4881,76.94160,43.26530,MUR+CLBRS/LWAL+DNO/FW/HBET:1-3,5,427250,19,117,KAZ,Kazakhstan,1,Almaty,3,Almaty (Alma-Ata),Res,280
3072807,KAZ,Алмалинский район,,Алмалинский район,,administrative,6,Q16533574,ru:Алмалинский район,2019-07-12 22:02:02,,"0,214665,2465058,3072807","3072807,2465058,214665,0",,4081,76.89110,43.25780,MUR+CLBRS/LWAL+DNO/FW/HBET:1-3,13,1110850,49,117,KAZ,Kazakhstan,1,Almaty,3,Almaty (Alma-Ata),Res,280
3072807,KAZ,Алмалинский район,,Алмалинский район,,administrative,6,Q16533574,ru:Алмалинский район,2019-07-12 22:02:02,,"0,214665,2465058,3072807","3072807,2465058,214665,0",,4321,76.87770,43.25700,MUR+CLBRS/LWAL+DNO/FW/HBET:1-3,5,427250,19,117,KAZ,Kazakhstan,1,Almaty,3,Almaty (Alma-Ata),Res,280
3072807,KAZ,Алмалинский район,,Алмалинский район,,administrative,6,Q16533574,ru:Алмалинский район,2019-07-12 22:02:02,,"0,214665,2465058,3072807","3072807,2465058,214665,0",,3329,76.89630,43.25380,MUR+CLBRS/LWAL+DNO/FW/HBET:1-3,5,427250,19,117,KAZ,Kazakhstan,1,Almaty,3,Almaty (Alma-Ata),Res,280
3072807,KAZ,Алмалинский район,,Алмалинский район,,administrative,6,Q16533574,ru:Алмалинский район,2019-07-12 22:02:02,,"0,214665,2465058,3072807","3072807,2465058,214665,0",,3873,76.91990,43.25370,MUR+CLBRS/LWAL+DNO/FW/HBET:1-3,9,769050,34,117,KAZ,Kazakhstan,1,Almaty,3,Almaty (Alma-Ata),Res,280
3072807,KAZ,Алмалинский район,,Алмалинский район,,administrative,6,Q16533574,ru:Алмалинский район,2019-07-12 22:02:02,,"0,214665,2465058,3072807","3072807,2465058,214665,0",,3425,76.90740,43.25360,MUR+CLBRS/LWAL+DNO/FW/HBET:1-3,5,427250,19,117,KAZ,Kazakhstan,1,Almaty,3,Almaty (Alma-Ata),Res,280
3072807,KAZ,Алмалинский район,,Алмалинский район,,administrative,6,Q16533574,ru:Алмалинский район,2019-07-12 22:02:02,,"0,214665,2465058,3072807","3072807,2465058,214665,0",,3137,76.94330,43.25350,MUR+CLBRS/LWAL+DNO/FW/HBET:1-3,4,341800,15,117,KAZ,Kazakhstan,1,Almaty,3,Almaty (Alma-Ata),Res,280
3072807,KAZ,Алмалинский район,,Алмалинский район,,administrative,6,Q16533574,ru:Алмалинский район,2019-07-12 22:02:02,,"0,214665,2465058,3072807","3072807,2465058,214665,0",,4593,76.86840,43.24890,MUR+CLBRS/LWAL+DNO/FW/HBET:1-3,3,256350,11,117,KAZ,Kazakhstan,1,Almaty,3,Almaty (Alma-Ata),Res,280
3072807,KAZ,Алмалинский район,,Алмалинский район,,administrative,6,Q16533574,ru:Алмалинский район,2019-07-12 22:02:02,,"0,214665,2465058,3072807","3072807,2465058,214665,0",,4929,76.93210,43.24820,MUR+CLBRS/LWAL+DNO/FW/HBET:1-3,28,2392600,106,117,KAZ,Kazakhstan,1,Almaty,3,Almaty (Alma-Ata),Res,280
3072807,KAZ,Алмалинский район,,Алмалинский район,,administrative,6,Q16533574,ru:Алмалинский район,2019-07-12 22:02:02,,"0,214665,2465058,3072807","3072807,2465058,214665,0",,4001,76.88650,43.24550,MUR+CLBRS/LWAL+DNO/FW/HBET:1-3,9,769050,34,117,KAZ,Kazakhstan,1,Almaty,3,Almaty (Alma-Ata),Res,280
3072807,KAZ,Алмалинский район,,Алмалинский район,,administrative,6,Q16533574,ru:Алмалинский район,2019-07-12 22:02:02,,"0,214665,2465058,3072807","3072807,2465058,214665,0",,4897,76.87770,43.24530,MUR+CLBRS/LWAL+DNO/FW/HBET:1-3,4,341800,15,117,KAZ,Kazakhstan,1,Almaty,3,Almaty (Alma-Ata),Res,280
3072807,KAZ,Алмалинский район,,Алмалинский район,,administrative,6,Q16533574,ru:Алмалинский район,2019-07-12 22:02:02,,"0,214665,2465058,3072807","3072807,2465058,214665,0",,3441,76.94750,43.24420,MUR+CLBRS/LWAL+DNO/FW/HBET:1-3,8,683600,30,117,KAZ,Kazakhstan,1,Almaty,3,Almaty (Alma-Ata),Res,280
3072807,KAZ,Алмалинский район,,Алмалинский район,,administrative,6,Q16533574,ru:Алмалинский район,2019-07-12 22:02:02,,"0,214665,2465058,3072807","3072807,2465058,214665,0",,2977,76.89530,43.24370,MUR+CLBRS/LWAL+DNO/FW/HBET:1-3,5,427250,19,117,KAZ,Kazakhstan,1,Almaty,3,Almaty (Alma-Ata),Res,280
3072807,KAZ,Алмалинский район,,Алмалинский район,,administrative,6,Q16533574,ru:Алмалинский район,2019-07-12 22:02:02,,"0,214665,2465058,3072807","3072807,2465058,214665,0",,3553,76.90600,43.24160,MUR+CLBRS/LWAL+DNO/FW/HBET:1-3,11,939950,41,117,KAZ,Kazakhstan,1,Almaty,3,Almaty (Alma-Ata),Res,280
3072807,KAZ,Алмалинский район,,Алмалинский район,,administrative,6,Q16533574,ru:Алмалинский район,2019-07-12 22:02:02,,"0,214665,2465058,3072807","3072807,2465058,214665,0",,2831,76.92890,43.26710,S/LFM+DNO/FME/HBET:1-25,3,654375,11,117,KAZ,Kazakhstan,1,Almaty,3,Almaty (Alma-Ata),Res,787
3072807,KAZ,Алмалинский район,,Алмалинский район,,administrative,6,Q16533574,ru:Алмалинский район,2019-07-12 22:02:02,,"0,214665,2465058,3072807","3072807,2465058,214665,0",,4335,76.87770,43.25700,S/LFM+DNO/FME/HBET:1-25,1,218125,3,117,KAZ,Kazakhstan,1,Almaty,3,Almaty (Alma-Ata),Res,787
3072807,KAZ,Алмалинский район,,Алмалинский район,,administrative,6,Q16533574,ru:Алмалинский район,2019-07-12 22:02:02,,"0,214665,2465058,3072807","3072807,2465058,214665,0",,3343,76.89630,43.25380,S/LFM+DNO/FME/HBET:1-25,1,218125,3,117,KAZ,Kazakhstan,1,Almaty,3,Almaty (Alma-Ata),Res,787
3072807,KAZ,Алмалинский район,,Алмалинский район,,administrative,6,Q16533574,ru:Алмалинский район,2019-07-12 22:02:02,,"0,214665,2465058,3072807","3072807,2465058,214665,0",,3887,76.91990,43.25370,S/LFM+DNO/FME/HBET:1-25,2,436250,7,117,KAZ,Kazakhstan,1,Almaty,3,Almaty (Alma-Ata),Res,787
3072807,KAZ,Алмалинский район,,Алмалинский район,,administrative,6,Q16533574,ru:Алмалинский район,2019-07-12 22:02:02,,"0,214665,2465058,3072807","3072807,2465058,214665,0",,3439,76.90740,43.25360,S/LFM+DNO/FME/HBET:1-25,2,436250,7,117,KAZ,Kazakhstan,1,Almaty,3,Almaty (Alma-Ata),Res,787
3072807,KAZ,Алмалинский район,,Алмалинский район,,administrative,6,Q16533574,ru:Алмалинский район,2019-07-12 22:02:02,,"0,214665,2465058,3072807","3072807,2465058,214665,0",,3151,76.94330,43.25350,S/LFM+DNO/FME/HBET:1-25,1,218125,3,117,KAZ,Kazakhstan,1,Almaty,3,Almaty (Alma-Ata),Res,787
3072807,KAZ,Алмалинский район,,Алмалинский район,,administrative,6,Q16533574,ru:Алмалинский район,2019-07-12 22:02:02,,"0,214665,2465058,3072807","3072807,2465058,214665,0",,4943,76.93210,43.24820,S/LFM+DNO/FME/HBET:1-25,4,872500,15,117,KAZ,Kazakhstan,1,Almaty,3,Almaty (Alma-Ata),Res,787
3072807,KAZ,Алмалинский район,,Алмалинский район,,administrative,6,Q16533574,ru:Алмалинский район,2019-07-12 22:02:02,,"0,214665,2465058,3072807","3072807,2465058,214665,0",,4015,76.88650,43.24550,S/LFM+DNO/FME/HBET:1-25,2,436250,7,117,KAZ,Kazakhstan,1,Almaty,3,Almaty (Alma-Ata),Res,787
3072807,KAZ,Алмалинский район,,Алмалинский район,,administrative,6,Q16533574,ru:Алмалинский район,2019-07-12 22:02:02,,"0,214665,2465058,3072807","3072807,2465058,214665,0",,4911,76.87770,43.24530,S/LFM+DNO/FME/HBET:1-25,2,436250,7,117,KAZ,Kazakhstan,1,Almaty,3,Almaty (Alma-Ata),Res,787
3072807,KAZ,Алмалинский район,,Алмалинский район,,administrative,6,Q16533574,ru:Алмалинский район,2019-07-12 22:02:02,,"0,214665,2465058,3072807","3072807,2465058,214665,0",,3455,76.94750,43.24420,S/LFM+DNO/FME/HBET:1-25,2,436250,7,117,KAZ,Kazakhstan,1,Almaty,3,Almaty (Alma-Ata),Res,787
3072807,KAZ,Алмалинский район,,Алмалинский район,,administrative,6,Q16533574,ru:Алмалинский район,2019-07-12 22:02:02,,"0,214665,2465058,3072807","3072807,2465058,214665,0",,2991,76.89530,43.24370,S/LFM+DNO/FME/HBET:1-25,1,218125,3,117,KAZ,Kazakhstan,1,Almaty,3,Almaty (Alma-Ata),Res,787
3072807,KAZ,Алмалинский район,,Алмалинский район,,administrative,6,Q16533574,ru:Алмалинский район,2019-07-12 22:02:02,,"0,214665,2465058,3072807","3072807,2465058,214665,0",,3567,76.90600,43.24160,S/LFM+DNO/FME/HBET:1-25,6,1308750,22,117,KAZ,Kazakhstan,1,Almaty,3,Almaty (Alma-Ata),Res,787
3072807,KAZ,Алмалинский район,,Алмалинский район,,administrative,6,Q16533574,ru:Алмалинский район,2019-07-12 22:02:02,,"0,214665,2465058,3072807","3072807,2465058,214665,0",,2829,76.92890,43.26710,W/LWAL+DUC/FW/HBET:1-2,1,476032,5,117,KAZ,Kazakhstan,1,Almaty,3,Almaty (Alma-Ata),Res,280
3072807,KAZ,Алмалинский район,,Алмалинский район,,administrative,6,Q16533574,ru:Алмалинский район,2019-07-12 22:02:02,,"0,214665,2465058,3072807","3072807,2465058,214665,0",,4893,76.94160,43.26530,W/LWAL+DUC/FW/HBET:1-2,3,1428100,15,117,KAZ,Kazakhstan,1,Almaty,3,Almaty (Alma-Ata),Res,280
3072807,KAZ,Алмалинский район,,Алмалинский район,,administrative,6,Q16533574,ru:Алмалинский район,2019-07-12 22:02:02,,"0,214665,2465058,3072807","3072807,2465058,214665,0",,4333,76.87770,43.25700,W/LWAL+DUC/FW/HBET:1-2,1,476032,5,117,KAZ,Kazakhstan,1,Almaty,3,Almaty (Alma-Ata),Res,280
3072807,KAZ,Алмалинский район,,Алмалинский район,,administrative,6,Q16533574,ru:Алмалинский район,2019-07-12 22:02:02,,"0,214665,2465058,3072807","3072807,2465058,214665,0",,3885,76.91990,43.25370,W/LWAL+DUC/FW/HBET:1-2,11,5236350,57,117,KAZ,Kazakhstan,1,Almaty,3,Almaty (Alma-Ata),Res,280
3072807,KAZ,Алмалинский район,,Алмалинский район,,administrative,6,Q16533574,ru:Алмалинский район,2019-07-12 22:02:02,,"0,214665,2465058,3072807","3072807,2465058,214665,0",,3437,76.90740,43.25360,W/LWAL+DUC/FW/HBET:1-2,1,476032,5,117,KAZ,Kazakhstan,1,Almaty,3,Almaty (Alma-Ata),Res,280
3072807,KAZ,Алмалинский район,,Алмалинский район,,administrative,6,Q16533574,ru:Алмалинский район,2019-07-12 22:02:02,,"0,214665,2465058,3072807","3072807,2465058,214665,0",,4605,76.86840,43.24890,W/LWAL+DUC/FW/HBET:1-2,1,476032,5,117,KAZ,Kazakhstan,1,Almaty,3,Almaty (Alma-Ata),Res,280
3072807,KAZ,Алмалинский район,,Алмалинский район,,administrative,6,Q16533574,ru:Алмалинский район,2019-07-12 22:02:02,,"0,214665,2465058,3072807","3072807,2465058,214665,0",,4941,76.93210,43.24820,W/LWAL+DUC/FW/HBET:1-2,1,476032,5,117,KAZ,Kazakhstan,1,Almaty,3,Almaty (Alma-Ata),Res,280
3072807,KAZ,Алмалинский район,,Алмалинский район,,administrative,6,Q16533574,ru:Алмалинский район,2019-07-12 22:02:02,,"0,214665,2465058,3072807","3072807,2465058,214665,0",,4013,76.88650,43.24550,W/LWAL+DUC/FW/HBET:1-2,1,476032,5,117,KAZ,Kazakhstan,1,Almaty,3,Almaty (Alma-Ata),Res,280
3072807,KAZ,Алмалинский район,,Алмалинский район,,administrative,6,Q16533574,ru:Алмалинский район,2019-07-12 22:02:02,,"0,214665,2465058,3072807","3072807,2465058,214665,0",,2989,76.89530,43.24370,W/LWAL+DUC/FW/HBET:1-2,1,476032,5,117,KAZ,Kazakhstan,1,Almaty,3,Almaty (Alma-Ata),Res,280
